Wall time,Step,Value
1742238987.791113,0,0.989985466003418
1742239400.1677709,1,0.9915807247161865
1742239822.2566268,2,0.9894177913665771
1742240270.536086,3,0.9923275113105774
1742240855.7598941,4,0.9939635992050171
1742241603.509753,5,0.9927321672439575
1742242590.951881,6,0.946309506893158
1742243567.835192,7,0.973366379737854
1742244521.48249,8,0.9844399690628052
1742245523.9328,9,0.9847020506858826
1742246564.324188,10,0.982191264629364
1742247521.2357628,11,0.9868161678314209
1742248528.230313,12,0.9892997741699219
1742249531.6058922,13,0.9904978275299072
1742250536.6494238,14,0.9905634522438049
1742251539.1179662,15,0.9907000660896301
