Wall time,Step,Value
1735829457.157047,0,0.9498230218887329
1735830118.418538,1,0.9781619906425476
1735830804.2699468,2,0.9811679720878601
1735831538.810627,3,0.9810090065002441
1735832510.527153,4,0.9806470274925232
1735833831.8801432,5,0.9778429865837097
1735835387.82263,6,0.9791749715805054
1735836937.141275,7,0.9762030243873596
1735838488.70788,8,0.9791370034217834
1735840040.9303901,9,0.9815019965171814
1735841575.635904,10,0.9814779758453369
1735843126.106533,11,0.9828389883041382
