{
    "number_source": 88288,
    "avg_source_size": 17.836353751359187,
    "std_source_size": 11.071661262729014,
    "avg_degree": 1.9861219583627496,
    "std_degree": 0.39857851767236524,
    "number_label_node": 5,
    "number_label_edge": 1,
    "number_subgraph_per_source": 4
}