{
    "number_source": 29876,
    "avg_source_size": 22.872405944570893,
    "std_source_size": 10.131002956028409,
    "avg_degree": 2.3765343965297623,
    "std_degree": 0.6101970050702212,
    "number_label_node": 6,
    "number_label_edge": 1,
    "number_subgraph_per_source": 64
}