{
    "number_source": 780,
    "avg_source_size": 24.497435897435896,
    "std_source_size": 10.010442936471513,
    "avg_degree": 2.3828232092865846,
    "std_degree": 0.452595008539129,
    "number_label_node": 6,
    "number_label_edge": 1,
    "number_subgraph_per_source": 2
}