{
    "number_source": 5048,
    "avg_source_size": 21.520602218700475,
    "std_source_size": 10.297745061982251,
    "avg_degree": 2.2278665598829397,
    "std_degree": 0.475407805714079,
    "number_label_node": 6,
    "number_label_edge": 1,
    "number_subgraph_per_source": 2
}