{
    "number_source": 780,
    "avg_source_size": 22.47179487179487,
    "std_source_size": 10.469147559595722,
    "avg_degree": 2.3395773359357435,
    "std_degree": 0.5277799057676865,
    "number_label_node": 6,
    "number_label_edge": 1,
    "number_subgraph_per_source": 2
}