Wall time,Step,Value
1736433633.657771,0,0.9522140622138977
1736434301.703273,1,0.9623818397521973
1736434983.5168169,2,0.9801675081253052
1736435710.881598,3,0.9827793836593628
1736436689.211659,4,0.9608624577522278
1736437994.0797272,5,0.9887894988059998
1736439528.252501,6,0.9892175793647766
1736441055.5738728,7,0.9900378584861755
1736442582.8882968,8,0.990988552570343
1736444074.417943,9,0.9911893010139465
