Wall time,Step,Value
1742238987.791122,0,0.9285820126533508
1742239400.1677902,1,0.9718779921531677
1742239822.256636,2,0.9671499729156494
1742240270.536094,3,0.9758260250091553
1742240855.759903,4,0.9774500131607056
1742241603.50976,5,0.9751359820365906
1742242590.95189,6,0.8464140295982361
1742243567.835201,7,0.9170399904251099
1742244521.4825,8,0.9517560005187988
1742245523.932807,9,0.9507139921188354
1742246564.324197,10,0.9436820149421692
1742247521.235772,11,0.956853985786438
1742248528.230322,12,0.967848002910614
1742249531.6059,13,0.9709600210189819
1742250536.6494331,14,0.9694899916648865
1742251539.117974,15,0.9684119820594788
