Wall time,Step,Value
1736433633.657781,0,0.8395029902458191
1736434301.703284,1,0.8718230128288269
1736434983.5168278,2,0.9107829928398132
1736435710.8816059,3,0.9183719754219055
1736436689.211669,4,0.8672699928283691
1736437994.0797389,5,0.9373469948768616
1736439528.25251,6,0.9395220279693604
1736441055.5738828,7,0.9431059956550598
1736442582.8883069,8,0.9448869824409485
1736444074.4179509,9,0.9449930191040039
