{
    "number_source": 148,
    "avg_source_size": 21.17032967032967,
    "std_source_size": 10.651760361199287,
    "avg_degree": 2.117130773039165,
    "std_degree": 0.3791028655885958,
    "number_label_node": 5,
    "number_label_edge": 1,
    "number_subgraph_per_source": 20
}